Position,File,Nucleotide,Count,Proportion
-1,./rsvwithgonly/FBE82653_pass_barcode01_03a1f7c4_9c5a4d8a_0.bam,A,2351,6.782252480960074
-1,./rsvwithgonly/FBE82653_pass_barcode01_03a1f7c4_9c5a4d8a_0.bam,C,1652,4.765751211631664
-1,./rsvwithgonly/FBE82653_pass_barcode01_03a1f7c4_9c5a4d8a_0.bam,G,27519,79.38783752596353
-1,./rsvwithgonly/FBE82653_pass_barcode01_03a1f7c4_9c5a4d8a_0.bam,T,3142,9.064158781444727
-2,./rsvwithgonly/FBE82653_pass_barcode01_03a1f7c4_9c5a4d8a_0.bam,A,8215,23.74414706052373
-2,./rsvwithgonly/FBE82653_pass_barcode01_03a1f7c4_9c5a4d8a_0.bam,C,1506,4.352852766055841
-2,./rsvwithgonly/FBE82653_pass_barcode01_03a1f7c4_9c5a4d8a_0.bam,G,21050,60.84166714839008
-2,./rsvwithgonly/FBE82653_pass_barcode01_03a1f7c4_9c5a4d8a_0.bam,T,3827,11.061333025030349
-3,./rsvwithgonly/FBE82653_pass_barcode01_03a1f7c4_9c5a4d8a_0.bam,A,2026,5.86396526772793
-3,./rsvwithgonly/FBE82653_pass_barcode01_03a1f7c4_9c5a4d8a_0.bam,C,1508,4.364688856729377
-3,./rsvwithgonly/FBE82653_pass_barcode01_03a1f7c4_9c5a4d8a_0.bam,G,24996,72.34732272069463
-3,./rsvwithgonly/FBE82653_pass_barcode01_03a1f7c4_9c5a4d8a_0.bam,T,6020,17.424023154848044
-4,./rsvwithgonly/FBE82653_pass_barcode01_03a1f7c4_9c5a4d8a_0.bam,A,2126,6.158926967756888
-4,./rsvwithgonly/FBE82653_pass_barcode01_03a1f7c4_9c5a4d8a_0.bam,C,1552,4.496074625568528
-4,./rsvwithgonly/FBE82653_pass_barcode01_03a1f7c4_9c5a4d8a_0.bam,G,11474,33.23966511196732
-4,./rsvwithgonly/FBE82653_pass_barcode01_03a1f7c4_9c5a4d8a_0.bam,T,19367,56.10533329470726
-1,./rsvwithgonly/FBE82653_pass_barcode02_03a1f7c4_9c5a4d8a_0.bam,A,2215,6.357452426738612
-1,./rsvwithgonly/FBE82653_pass_barcode02_03a1f7c4_9c5a4d8a_0.bam,C,1392,3.9952929020406995
-1,./rsvwithgonly/FBE82653_pass_barcode02_03a1f7c4_9c5a4d8a_0.bam,G,28866,82.8506644470595
-1,./rsvwithgonly/FBE82653_pass_barcode02_03a1f7c4_9c5a4d8a_0.bam,T,2368,6.796590224161189
-2,./rsvwithgonly/FBE82653_pass_barcode02_03a1f7c4_9c5a4d8a_0.bam,A,7700,22.174226061915046
-2,./rsvwithgonly/FBE82653_pass_barcode02_03a1f7c4_9c5a4d8a_0.bam,C,1251,3.602591792656588
-2,./rsvwithgonly/FBE82653_pass_barcode02_03a1f7c4_9c5a4d8a_0.bam,G,22951,66.093592512599
-2,./rsvwithgonly/FBE82653_pass_barcode02_03a1f7c4_9c5a4d8a_0.bam,T,2823,8.129589632829374
-3,./rsvwithgonly/FBE82653_pass_barcode02_03a1f7c4_9c5a4d8a_0.bam,A,1883,5.431051887744801
-3,./rsvwithgonly/FBE82653_pass_barcode02_03a1f7c4_9c5a4d8a_0.bam,C,1267,3.654350898445387
-3,./rsvwithgonly/FBE82653_pass_barcode02_03a1f7c4_9c5a4d8a_0.bam,G,26472,76.35199446223069
-3,./rsvwithgonly/FBE82653_pass_barcode02_03a1f7c4_9c5a4d8a_0.bam,T,5049,14.56260275157913
-4,./rsvwithgonly/FBE82653_pass_barcode02_03a1f7c4_9c5a4d8a_0.bam,A,2079,6.004332129963899
-4,./rsvwithgonly/FBE82653_pass_barcode02_03a1f7c4_9c5a4d8a_0.bam,C,1295,3.740072202166065
-4,./rsvwithgonly/FBE82653_pass_barcode02_03a1f7c4_9c5a4d8a_0.bam,G,16999,49.09458483754513
-4,./rsvwithgonly/FBE82653_pass_barcode02_03a1f7c4_9c5a4d8a_0.bam,T,14252,41.16101083032491
-1,./rsvwithgonly/FBE82653_pass_barcode03_03a1f7c4_9c5a4d8a_0.bam,A,1765,5.936564528606505
-1,./rsvwithgonly/FBE82653_pass_barcode03_03a1f7c4_9c5a4d8a_0.bam,C,1104,3.713295886448488
-1,./rsvwithgonly/FBE82653_pass_barcode03_03a1f7c4_9c5a4d8a_0.bam,G,25062,84.2958528135616
-1,./rsvwithgonly/FBE82653_pass_barcode03_03a1f7c4_9c5a4d8a_0.bam,T,1800,6.0542867713834045
-2,./rsvwithgonly/FBE82653_pass_barcode03_03a1f7c4_9c5a4d8a_0.bam,A,4506,15.208586472255975
-2,./rsvwithgonly/FBE82653_pass_barcode03_03a1f7c4_9c5a4d8a_0.bam,C,1050,3.543944916970433
-2,./rsvwithgonly/FBE82653_pass_barcode03_03a1f7c4_9c5a4d8a_0.bam,G,21862,73.78830835695963
-2,./rsvwithgonly/FBE82653_pass_barcode03_03a1f7c4_9c5a4d8a_0.bam,T,2210,7.45916025381396
-3,./rsvwithgonly/FBE82653_pass_barcode03_03a1f7c4_9c5a4d8a_0.bam,A,1549,5.239480449194967
-3,./rsvwithgonly/FBE82653_pass_barcode03_03a1f7c4_9c5a4d8a_0.bam,C,1082,3.6598565823298608
-3,./rsvwithgonly/FBE82653_pass_barcode03_03a1f7c4_9c5a4d8a_0.bam,G,22723,76.86037072114735
-3,./rsvwithgonly/FBE82653_pass_barcode03_03a1f7c4_9c5a4d8a_0.bam,T,4210,14.240292247327831
-4,./rsvwithgonly/FBE82653_pass_barcode03_03a1f7c4_9c5a4d8a_0.bam,A,1602,5.4275647106654015
-4,./rsvwithgonly/FBE82653_pass_barcode03_03a1f7c4_9c5a4d8a_0.bam,C,1058,3.584496544247188
-4,./rsvwithgonly/FBE82653_pass_barcode03_03a1f7c4_9c5a4d8a_0.bam,G,15379,52.103943623797264
-4,./rsvwithgonly/FBE82653_pass_barcode03_03a1f7c4_9c5a4d8a_0.bam,T,11477,38.88399512129015
-1,./rsvwithgonly/FBE82653_pass_barcode04_03a1f7c4_9c5a4d8a_0.bam,A,1954,5.425517145633764
-1,./rsvwithgonly/FBE82653_pass_barcode04_03a1f7c4_9c5a4d8a_0.bam,C,1452,4.031653477717618
-1,./rsvwithgonly/FBE82653_pass_barcode04_03a1f7c4_9c5a4d8a_0.bam,G,29956,83.17645425517146
-1,./rsvwithgonly/FBE82653_pass_barcode04_03a1f7c4_9c5a4d8a_0.bam,T,2653,7.366375121477161
-2,./rsvwithgonly/FBE82653_pass_barcode04_03a1f7c4_9c5a4d8a_0.bam,A,2903,8.068371317398555
-2,./rsvwithgonly/FBE82653_pass_barcode04_03a1f7c4_9c5a4d8a_0.bam,C,1434,3.985547526403557
-2,./rsvwithgonly/FBE82653_pass_barcode04_03a1f7c4_9c5a4d8a_0.bam,G,28238,78.48249027237354
-2,./rsvwithgonly/FBE82653_pass_barcode04_03a1f7c4_9c5a4d8a_0.bam,T,3405,9.463590883824347
-3,./rsvwithgonly/FBE82653_pass_barcode04_03a1f7c4_9c5a4d8a_0.bam,A,1712,4.761772313854198
-3,./rsvwithgonly/FBE82653_pass_barcode04_03a1f7c4_9c5a4d8a_0.bam,C,1435,3.9913220037270882
-3,./rsvwithgonly/FBE82653_pass_barcode04_03a1f7c4_9c5a4d8a_0.bam,G,26200,72.87291741996495
-3,./rsvwithgonly/FBE82653_pass_barcode04_03a1f7c4_9c5a4d8a_0.bam,T,6606,18.373988262453757
-4,./rsvwithgonly/FBE82653_pass_barcode04_03a1f7c4_9c5a4d8a_0.bam,A,1776,4.94129430749541
-4,./rsvwithgonly/FBE82653_pass_barcode04_03a1f7c4_9c5a4d8a_0.bam,C,1524,4.24016470981025
-4,./rsvwithgonly/FBE82653_pass_barcode04_03a1f7c4_9c5a4d8a_0.bam,G,9678,26.926715263480048
-4,./rsvwithgonly/FBE82653_pass_barcode04_03a1f7c4_9c5a4d8a_0.bam,T,22964,63.89182571921429
-1,./rsvwithgonly/FBE82653_pass_barcode05_03a1f7c4_9c5a4d8a_0.bam,A,2053,5.450828377230247
-1,./rsvwithgonly/FBE82653_pass_barcode05_03a1f7c4_9c5a4d8a_0.bam,C,1416,3.759558198810535
-1,./rsvwithgonly/FBE82653_pass_barcode05_03a1f7c4_9c5a4d8a_0.bam,G,31868,84.61129991503823
-1,./rsvwithgonly/FBE82653_pass_barcode05_03a1f7c4_9c5a4d8a_0.bam,T,2327,6.1783135089209855
-2,./rsvwithgonly/FBE82653_pass_barcode05_03a1f7c4_9c5a4d8a_0.bam,A,2794,7.450269318969655
-2,./rsvwithgonly/FBE82653_pass_barcode05_03a1f7c4_9c5a4d8a_0.bam,C,1425,3.7997973441416457
-2,./rsvwithgonly/FBE82653_pass_barcode05_03a1f7c4_9c5a4d8a_0.bam,G,30334,80.88635272785451
-2,./rsvwithgonly/FBE82653_pass_barcode05_03a1f7c4_9c5a4d8a_0.bam,T,2949,7.863580609034185
-3,./rsvwithgonly/FBE82653_pass_barcode05_03a1f7c4_9c5a4d8a_0.bam,A,2061,5.509958561689614
-3,./rsvwithgonly/FBE82653_pass_barcode05_03a1f7c4_9c5a4d8a_0.bam,C,1447,3.8684667825157066
-3,./rsvwithgonly/FBE82653_pass_barcode05_03a1f7c4_9c5a4d8a_0.bam,G,28136,75.21989038898543
-3,./rsvwithgonly/FBE82653_pass_barcode05_03a1f7c4_9c5a4d8a_0.bam,T,5761,15.401684266809252
-4,./rsvwithgonly/FBE82653_pass_barcode05_03a1f7c4_9c5a4d8a_0.bam,A,1873,5.017546679525302
-4,./rsvwithgonly/FBE82653_pass_barcode05_03a1f7c4_9c5a4d8a_0.bam,C,1431,3.8334806718636982
-4,./rsvwithgonly/FBE82653_pass_barcode05_03a1f7c4_9c5a4d8a_0.bam,G,17654,47.29298936483699
-4,./rsvwithgonly/FBE82653_pass_barcode05_03a1f7c4_9c5a4d8a_0.bam,T,16371,43.85598328377401
